{
  "GetGroupForm" : {
    "transaction" : "GetGroupForm",
    "sampleCount" : 2466,
    "errorCount" : 652,
    "errorPct" : 26.439579,
    "meanResTime" : 19021.937550689407,
    "medianResTime" : 3977.5,
    "minResTime" : 8.0,
    "maxResTime" : 101602.0,
    "pct1ResTime" : 70016.8,
    "pct2ResTime" : 71215.25,
    "pct3ResTime" : 73602.87,
    "throughput" : 7.8678356751789895,
    "receivedKBytesPerSec" : 19.417677888741594,
    "sentKBytesPerSec" : 3.6568219515327285
  },
  "Total" : {
    "transaction" : "Total",
    "sampleCount" : 13364,
    "errorCount" : 3833,
    "errorPct" : 28.681532,
    "meanResTime" : 22011.290032924324,
    "medianResTime" : 20230.5,
    "minResTime" : 8.0,
    "maxResTime" : 135208.0,
    "pct1ResTime" : 65847.0,
    "pct2ResTime" : 71395.0,
    "pct3ResTime" : 105361.80000000002,
    "throughput" : 38.99449980304334,
    "receivedKBytesPerSec" : 252.1676544514028,
    "sentKBytesPerSec" : 15.23737266205156
  },
  "CreateGroup" : {
    "transaction" : "CreateGroup",
    "sampleCount" : 2371,
    "errorCount" : 499,
    "errorPct" : 21.045973,
    "meanResTime" : 30808.726697596016,
    "medianResTime" : 19728.0,
    "minResTime" : 3249.0,
    "maxResTime" : 119610.0,
    "pct1ResTime" : 97020.20000000001,
    "pct2ResTime" : 104956.0,
    "pct3ResTime" : 115101.40000000004,
    "throughput" : 7.23984940136125,
    "receivedKBytesPerSec" : 17.223948775241,
    "sentKBytesPerSec" : 4.215709143019851
  },
  "DeleteGroup" : {
    "transaction" : "DeleteGroup",
    "sampleCount" : 1948,
    "errorCount" : 845,
    "errorPct" : 43.377823,
    "meanResTime" : 16580.37628336755,
    "medianResTime" : 12544.5,
    "minResTime" : 12.0,
    "maxResTime" : 135208.0,
    "pct1ResTime" : 45907.60000000002,
    "pct2ResTime" : 66777.34999999999,
    "pct3ResTime" : 77713.06999999996,
    "throughput" : 5.787834850609684,
    "receivedKBytesPerSec" : 22.91668098088648,
    "sentKBytesPerSec" : 1.0186172909337787
  },
  "GetGroups" : {
    "transaction" : "GetGroups",
    "sampleCount" : 6579,
    "errorCount" : 1837,
    "errorPct" : 27.922176,
    "meanResTime" : 21569.344581243364,
    "medianResTime" : 21001.0,
    "minResTime" : 15.0,
    "maxResTime" : 135187.0,
    "pct1ResTime" : 64989.0,
    "pct2ResTime" : 68665.0,
    "pct3ResTime" : 82438.39999999994,
    "throughput" : 19.196708635455117,
    "receivedKBytesPerSec" : 195.4447561658375,
    "sentKBytesPerSec" : 6.864235771705354
  }
}